,author,clicked,created_utc,distinguished,edited,id,is_original_content,is_self,link_flair_template_id,link_flair_text,locked,name,num_comments,over_18,permalink,score,selftext,spoiler,stickied,title,upvote_ratio,url
0,ReallyRickAstley,False,1592410647.0,,False,haucpf,True,False,None,,False,t3_haucpf,18431,False,/r/pics/comments/haucpf/ive_found_a_few_funny_memories_during_lockdown/,401050,,False,False,"I‚Äôve found a few funny memories during lockdown. This is from my 1st tour in 89, backstage in Vegas.",0.98,https://i.redd.it/f58v4g8mwh551.jpg
1,onyxandcake,False,1584119279.0,,False,fi2zjs,False,False,None,,False,t3_fi2zjs,15988,False,/r/pics/comments/fi2zjs/if_this_is_you_fuck_you/,271991,,False,False,If this is you: Fuck you,0.96,https://i.redd.it/b9hkx5md2hm41.jpg
2,pdmcmahon,False,1490560408.0,,False,61ns2w,False,False,None,,False,t3_61ns2w,8682,False,/r/pics/comments/61ns2w/private_internet_access_a_vpn_provider_takes_out/,258401,,False,False,"Private Internet Access, a VPN provider, takes out a full page ad in The New York Time calling out 50 senators.",0.96,http://i.imgur.com/GJYYNle.jpg
3,Theon_Graystark,False,1591709669.0,,False,gzn8tj,False,False,None,Protest,False,t3_gzn8tj,11906,False,/r/pics/comments/gzn8tj/at_a_protest_in_arizona/,251638,,False,False,At a protest in Arizona,0.96,https://i.redd.it/v8y89qbj0w351.jpg
4,Tibujon,False,1505015888.0,,False,6z699p,False,False,None,,False,t3_6z699p,2006,False,/r/pics/comments/6z699p/my_dad_waits_every_year_for_the_day_the_sun_rises/,250382,,False,False,"My dad waits every year for the day the sun rises just right and reflects along the railroad tracks, Today was that day!",0.97,https://www.flickr.com/photos/zaruka/36978499711/
5,MECHASCHMECK,False,1583335842.0,,False,fdemc6,False,False,None,,False,t3_fdemc6,6066,False,/r/pics/comments/fdemc6/2500_mile_flight_2_hour_drive_6_hour_hike_and_my/,235282,,False,False,"2500 mile flight, 2 hour drive, 6 hour hike, and my wife is at rest.",0.91,https://i.redd.it/jxxn2s6jbok41.jpg
6,Itsjorgehernandez,False,1478651245.0,,False,5bx4bx,False,False,None,election 2016,False,t3_5bx4bx,6080,False,/r/pics/comments/5bx4bx/thanks_obama/,230834,,False,False,"Thanks, Obama.",0.91,https://i.reddituploads.com/58986555f545487c9d449bd5d9326528?fit=max&h=1536&w=1536&s=c15543d234ef9bbb27cb168b01afb87d
7,FreeSpeechWarrior,False,1549640421.0,,False,aohpmo,False,False,None,,False,t3_aohpmo,6420,False,/r/pics/comments/aohpmo/given_that_reddit_just_took_a_150_million/,228929,,False,False,"Given that reddit just took a $150 million investment from a Chinese censorship powerhouse, I thought it would be nice to post this picture of ""Tank Man"" at Tienanmen Square before our new glorious overlords decide we cannot post it anymore.",0.94,https://i.redd.it/luk4bhymxbf21.jpg
8,OKOTALUKWE,False,1596546444.0,,False,i3izcv,False,False,None,,False,t3_i3izcv,19400,False,/r/pics/comments/i3izcv/first_day_of_school_in_a_georgia_town_one_of_the/,227189,,False,False,First day of school in a Georgia town. One of the biggest virus hot zones in the world.,0.93,https://i.redd.it/sp44ts8rize51.jpg
9,RavenRosie,False,1599588318.0,,False,ioyntd,False,False,None,,False,t3_ioyntd,5604,False,/r/pics/comments/ioyntd/oregon_wildfires_making_it_look_straight/,226004,,False,False,Oregon wildfires making it look straight apocalyptic,0.97,https://i.redd.it/c4d2tvxsryl51.jpg
10,foxeydog,False,1565569541.0,,False,cp4sce,False,False,None,,False,t3_cp4sce,4731,False,/r/pics/comments/cp4sce/democracy_now/,223570,,False,False,DEMOCRACY NOW,0.97,https://i.redd.it/6tcarmtiwwf31.jpg
11,notmelaniatrump,False,1585442967.0,,False,fqwind,False,False,None,,False,t3_fqwind,2306,False,/r/pics/comments/fqwind/after_11_hospital_days_and_losing_12kg_my_78yr/,223444,,False,False,"After 11 hospital days and losing 12kg, my 78yr old dad is home and recovered from Covid in Madrid!",0.95,https://i.redd.it/lal8n9oeeip41.jpg
12,datbanter,False,1486400800.0,,False,5sfexx,False,False,None,backstory,False,t3_5sfexx,4352,False,/r/pics/comments/5sfexx/this_is_shelia_fredrick_a_flight_attendant_she/,222809,,False,False,"This is Shelia Fredrick, a flight attendant. She noticed a terrified girl accompanied by an older man. She left a note in the bathroom on which the victim wrote that she needed help. The police was alerted & the girl was saved from a human trafficker. We should honor our heroes.",0.95,https://i.reddituploads.com/d1e77b5c62694624ba7235a57431f070?fit=max&h=1536&w=1536&s=b3103272b2bf369f5c42396b09c4caf8
13,TurnipTimeMyGuys,False,1592069366.0,,False,h8br11,False,False,None,,False,t3_h8br11,3172,False,/r/pics/comments/h8br11/this_is_the_worst_picture_ever_taken_of_me/,220617,,False,False,This is the worst picture ever taken of me,0.97,https://i.redd.it/2grm0ms5pp451.png
14,effectivepep,False,1550366784.0,,False,arfjs5,False,False,2d9ae03a-cbd3-11e5-94f0-0eea8ef60395,Picture of text,False,t3_arfjs5,2547,False,/r/pics/comments/arfjs5/this_person_sold_their_vhs_player_on_ebay_and_got/,215844,,False,False,This person sold their VHS player on eBay and got a surprise letter in the mailbox.,0.89,https://i.imgur.com/73ZJIme.jpg
15,iKojan,False,1554926298.0,,False,bbql1i,False,False,None,,False,t3_bbql1i,6360,False,/r/pics/comments/bbql1i/this_is_dr_katie_bouman_the_computer_scientist/,215610,,False,False,This is Dr Katie Bouman the computer scientist behind the first ever image of a black-hole. She developed the algorithm that turned telescopic data into the historic photo we see today.,0.91,https://i.redd.it/shhy0jzoshr21.jpg
16,tazijade,False,1584540665.0,,False,fkq3qb,False,False,None,,False,t3_fkq3qb,6320,False,/r/pics/comments/fkq3qb/i_decided_to_finally_go_vaccinated_behind_my/,213966,,False,False,I decided to finally go vaccinated behind my anti-vax parent's back! :),0.89,https://i.redd.it/83sx1koevfn41.jpg
17,iBlueSweatshirt,False,1550073928.0,,False,aq8355,False,False,2d9ae03a-cbd3-11e5-94f0-0eea8ef60395,*sad beep*,False,t3_aq8355,4817,False,/r/pics/comments/aq8355/today_nasa_will_officially_have_to_say_goodbye_to/,212900,,False,False,"Today, NASA will officially have to say goodbye to the little rover that could. The Mars Opportunity Rover was meant to last just 90 days and instead marched on for 14 years. It finally lost contact with earth after it was hit by a fierce dust storm.",0.97,https://i.redd.it/vc9qhyfgzcg21.jpg
18,davidambart,False,1573756037.0,,False,dwdllq,False,False,None,,False,t3_dwdllq,2521,False,/r/pics/comments/dwdllq/the_most_challenging_painting_ive_ever_done/,212693,,False,False,"The most challenging painting I've ever done titled ""Recover"" #BrushstrokesinTime",0.96,https://i.redd.it/0nzln43z2py31.jpg
19,takethi,False,1573137529.0,,False,dsylqp,False,False,None,,False,t3_dsylqp,10235,True,/r/pics/comments/dsylqp/picture_of_a_political_prisoner_in_one_of_chinas/,209860,,False,False,"Picture of a political prisoner in one of China's internment camps, taken secretly by a family member.",0.96,https://i.redd.it/o7u3ffzyz9x31.jpg
20,AWildSketchAppeared,False,1496153840.0,,False,6e7luk,False,False,None,,False,t3_6e7luk,6839,False,/r/pics/comments/6e7luk/and_here_it_is_likely_the_last_sketch_ill_ever/,207289,,False,False,"And here it is: Likely the last sketch I'll ever post on Reddit. It's been a wild ride, guys and girls. Thanks for everything.",0.91,http://imgur.com/LXnMhwi
21,rightcoastguy,False,1565375556.0,,False,co6h3d,False,False,None,,False,t3_co6h3d,4798,False,/r/pics/comments/co6h3d/i_got_a_cease_and_desist_for_making_the_crocs/,207260,,False,False,I got a cease and desist for making the Crocs Gloves,0.96,https://i.redd.it/9xijbv8pvgf31.jpg
22,haroldas194,False,1594506497.0,,False,hpj55g,False,False,None,,False,t3_hpj55g,6233,False,/r/pics/comments/hpj55g/prince_andrew_says_hes_never_met_virginia_giuffre/,206954,,False,False,"Prince Andrew says he's never met Virginia Giuffre, so here's them together with Ghislaine Maxwell",0.96,https://i.redd.it/gx80hyyu0ba51.jpg
23,Goal1,False,1535988082.0,,False,9cmazx,False,False,None,,False,t3_9cmazx,3702,False,/r/pics/comments/9cmazx/they_noticed_there_was_a_blank_wall_at_mcdonalds/,205964,,False,False,They noticed there was a blank wall at mcdonald‚Äôs so they decided to make this fake poster of themselves. It‚Äôs now been 51 days since they hung it up.,0.92,https://i.redd.it/pavm6jjnj1k11.jpg
24,unknown_human,False,1515675903.0,,False,7pnxv2,False,False,None,,False,t3_7pnxv2,4053,False,/r/pics/comments/7pnxv2/meeting_keanu_reeves_at_a_traffic_light/,202228,,False,False,Meeting Keanu Reeves at a traffic light,0.94,https://i.imgur.com/Fo7a18f.jpg
25,jacques4801,False,1527043084.0,,False,8lfwjv,False,False,None,,True,t3_8lfwjv,3983,False,/r/pics/comments/8lfwjv/found_an_old_letter_sent_to_my_mother_who_was/,201852,,False,False,Found an old letter sent to my Mother who was struggling to make payments on my trumpet.,0.95,https://i.redd.it/pmmnq62lpiz01.jpg
26,jcepiano,False,1593358827.0,,False,hhgim2,False,False,260873e0-c9b8-11e5-be06-0ecbb6f4dd8d,Politics,False,t3_hhgim2,6492,False,/r/pics/comments/hhgim2/americas_response_to_the_covid19_global_pandemic/,200589,,False,False,America's response to the COVID-19 global pandemic all boiled down to one picture,0.88,https://i.redd.it/0qpx06778o751.jpg
27,confresi,False,1591202270.0,,False,gvxarx,False,False,None,Politics,False,t3_gvxarx,12178,False,/r/pics/comments/gvxarx/asheville_pd_destroy_medic_station_for_protestors/,197508,,False,False,Asheville PD destroy medic station for protestors; stab water bottles & tip over tables of supplies,0.92,https://i.redd.it/7c2o4u6s3q251.jpg
28,whatis_bombs,False,1570023538.0,,False,dcabzh,False,False,260873e0-c9b8-11e5-be06-0ecbb6f4dd8d,Politics,True,t3_dcabzh,954,False,/r/pics/comments/dcabzh/this_image_of_xi_jiping_as_winnie_the_pooh_is/,197022,,False,False,This image of Xi Jiping as Winnie the Pooh is illegal in mainland China,0.95,https://i.imgur.com/v60fY9U.png
29,cdnchef,False,1502932542.0,,False,6u6mw4,False,False,None,US Politics,False,t3_6u6mw4,2836,False,/r/pics/comments/6u6mw4/sitting_on_the_couch_with_a_headache_and_an_ice/,196719,,False,False,Sitting on the couch with a headache and an ice pack on my head when my girlfriend tells me not to move,0.92,https://imgur.com/47Cp2rb
30,TheDaydreamerBoy,False,1578510778.0,,False,elxa0j,False,False,2d9ae03a-cbd3-11e5-94f0-0eea8ef60395,Picture of text,False,t3_elxa0j,7553,False,/r/pics/comments/elxa0j/22yearold_iranian_here_just_wanted_to_share_my/,193276,,False,False,"22-year-old Iranian here. Just wanted to share my love with my friends all over the world (Americans, Iraqis, Australians, etc.) as it is what the world needs the most in these hard times. #LoveBeyondFlags",0.87,https://i.redd.it/8tfwc6xpnl941.jpg
31,loulan,False,1545396175.0,,False,a89m64,False,False,None,,False,t3_a89m64,5998,False,/r/pics/comments/a89m64/water_ice_on_mars_just_shot_by_the_esa/,192815,,False,False,"Water ice on Mars, just shot by the ESA!",0.96,https://i.redd.it/06ozylnfmm521.jpg
32,JaMollyAdams,False,1534265171.0,,False,979ywc,False,False,None,,False,t3_979ywc,5338,False,/r/pics/comments/979ywc/a_bird_flew_in_my_window_sht_on_my_laptop_and/,192778,,False,False,"A bird flew in my window, sh*t on my laptop, and decided to die right in front of me. How's your day going?",0.95,https://i.imgur.com/tKRvqaf.jpg
33,Tyree07,False,1587348112.0,,False,g4k60s,False,False,None,,False,t3_g4k60s,11743,False,/r/pics/comments/g4k60s/denver_nurses_blocking_anti_lockdown_protestors/,192451,,False,False,Denver nurses blocking anti lockdown protestors,0.92,https://i.redd.it/huy0ey0ervt41.jpg
34,zombi3123,False,1530017983.0,,False,8tzsyf,False,False,06663a6a-dde3-11e5-b870-0eb3bd3ec58d,üê≠,False,t3_8tzsyf,3784,False,/r/pics/comments/8tzsyf/i_work_in_a_kitchen_you_have_no_idea_how_many/,189668,,False,False,I work in a kitchen. You have no idea how many people say 'You look like the guy from ratatouille'. Every damn minute.,0.94,https://i.redd.it/mlfo0b3rec611.jpg
35,UsernameUsernameson,False,1565698966.0,,False,cpsdwd,False,False,None,,False,t3_cpsdwd,7802,False,/r/pics/comments/cpsdwd/protestor_in_hong_kong_today/,189414,,False,False,Protestor in Hong Kong today,0.96,https://i.imgur.com/zFDHmbn.jpg
36,Lord-AG,False,1546356334.0,,False,abixpi,False,False,None,,False,t3_abixpi,2174,False,/r/pics/comments/abixpi/after_the_beautiful_nye_photos_workers_who_clean/,188419,,False,False,After the beautiful NYE photos; workers who clean up all the mess after the party in Times Square deserve some respect too,0.92,https://i.redd.it/jm46azu9xt721.jpg
37,Bizarrmenian,False,1505240177.0,,False,6zos6q,False,False,None,,False,t3_6zos6q,6201,False,/r/pics/comments/6zos6q/the_uc_davis_pepper_spray_incident_that_the/,187721,,False,False,"The UC Davis pepper spray incident that the university payed over $100,000 to ""erase from the internet""",0.91,https://i.redd.it/ayj2cr2cuhlz.jpg
38,Lifelapse,False,1539553097.0,,False,9o6mqk,False,False,None,,False,t3_9o6mqk,2261,False,/r/pics/comments/9o6mqk/tried_to_take_a_panoramic_picture_of_the_eiffel/,187501,,False,False,"Tried to take a panoramic picture of the Eiffel Tower today, it went surprisingly well!",0.96,https://i.redd.it/co0b4d9908s11.jpg
39,El_Torito23,False,1534975156.0,,False,99hl0j,False,False,2d9ae03a-cbd3-11e5-94f0-0eea8ef60395,picture of text,False,t3_99hl0j,6153,False,/r/pics/comments/99hl0j/teachers_homework_policy/,187454,,False,False,Teachers homework policy,0.92,https://i.redd.it/qihcgc9pvph11.jpg
40,Kwilos,False,1575392242.0,,False,e5jy9g,False,False,None,,False,t3_e5jy9g,2210,False,/r/pics/comments/e5jy9g/our_school_lunch_lady_made_this_christmas_display/,185223,,False,False,Our school lunch lady made this Christmas display by hand ‚ù§,0.97,https://i.redd.it/4pg4yxag8g241.jpg
41,gangbangkang,False,1592177900.0,,False,h94frm,False,False,260873e0-c9b8-11e5-be06-0ecbb6f4dd8d,Politics,False,t3_h94frm,3968,False,/r/pics/comments/h94frm/7_years_ago_today_this_kid_fell_asleep_during_an/,184615,,False,False,"7 years ago today, this kid fell asleep during an event at the White House.",0.91,https://i.redd.it/8vso2yicoy451.jpg
42,ToddmanHorseboy,False,1546459783.0,,False,abx582,False,False,None,,False,t3_abx582,5498,False,/r/pics/comments/abx582/my_parents_denied_me_vaccinations_as_a_child/,183726,,False,False,"My parents denied me vaccinations as a child. Today, I was finally able to take my health into my own hands!",0.87,https://i.redd.it/moxiw9och2821.jpg
43,LamboSamba,False,1587772777.0,,False,g7jkzz,False,False,None,,False,t3_g7jkzz,1503,False,/r/pics/comments/g7jkzz/my_dog_is_16_so_i_figured_its_time_for_some/,183722,,False,False,"My dog is 16, so I figured it‚Äôs time for some driving lessons",0.96,https://i.redd.it/l3avyxw4uuu41.jpg
44,Dauntless1,False,1597073084.0,,False,i76v59,False,False,None,,False,t3_i76v59,2152,False,/r/pics/comments/i76v59/my_grandfather_and_i_in_tokyo_73_years_apart/,183355,,False,False,"My Grandfather and I in Tokyo, 73 years apart",0.95,https://i.redd.it/z3mpc9cvx6g51.png
45,Scaulbylausis,False,1509670219.0,,False,7ag091,False,False,None,,False,t3_7ag091,2341,False,/r/pics/comments/7ag091/cotton_picker_at_night_looks_like_a_huge_concert/,182928,,False,False,Cotton picker at night looks like a huge concert crowd,0.95,https://i.redd.it/fq3e8q25rnvz.jpg
46,Faris-Hilton,False,1514220448.0,,False,7m28mc,False,False,None,,False,t3_7m28mc,2134,False,/r/pics/comments/7m28mc/she_took_me_in_15_years_ago_and_no_one_makes_me/,181938,,False,False,She took me in 15 years ago and no one makes me as happy. We had the best Xmas. I love my Granma so much.,0.9,https://i.redd.it/xyn2xxgal3601.jpg
47,tynation,False,1506983186.0,,False,73w8zb,False,False,None,,False,t3_73w8zb,4731,False,/r/pics/comments/73w8zb/this_man_took_a_bullet_while_protecting_my_sister/,181024,,False,False,This man took a bullet while protecting my sister from the gunfire in Vegas.,0.93,https://i.redd.it/gultof51thpz.jpg
48,sylezjusz,False,1508259597.0,,False,76zwxx,False,False,None,,False,t3_76zwxx,6564,False,/r/pics/comments/76zwxx/isis_lost_its_capital_today/,179639,,False,False,ISIS lost its capital today,0.96,https://pbs.twimg.com/media/DMV41qCW0AAcIT7.jpg
49,Mal_Reynolds84,False,1545781698.0,,False,a9jiea,False,False,2d9ae03a-cbd3-11e5-94f0-0eea8ef60395,Picture of text,False,t3_a9jiea,1883,False,/r/pics/comments/a9jiea/my_dad_got_me_right_in_the_feels_today_with_a/,179254,,False,False,My dad got me right in the feels today with a wallet,0.9,https://i.redd.it/bjsw1ttxgi621.jpg
